business_id,date
---kPU91CF4Lq2-WlRu9Lw,"2020-03-13 21:10:56, 2020-06-02 22:18:06, 2020-07-24 22:42:27, 2020-10-24 21:36:13, 2020-12-09 21:23:33, 2021-01-20 17:34:57, 2021-04-30 21:02:03, 2021-05-25 21:16:54, 2021-08-06 21:08:08, 2021-10-02 15:15:42, 2021-11-11 16:23:50"
--0iUa4sNDFiZFrAdIWhZQ,"2010-09-13 21:43:09, 2011-05-04 23:08:15, 2011-07-18 22:30:31, 2012-09-07 20:28:50, 2013-03-27 15:57:36, 2013-08-13 00:31:34, 2013-08-13 00:31:48, 2013-09-23 17:39:38, 2013-11-18 06:34:08, 2014-04-12 23:04:47"
--30_8IhuyMHbSOcNWd6DQ,"2013-06-14 23:29:17, 2014-08-13 23:20:22"
--7PUidqRWpRSpXebiyxTg,"2011-02-15 17:12:00, 2011-07-28 02:46:10, 2012-03-11 10:30:02, 2012-04-24 07:07:59, 2012-04-24 07:43:31, 2013-05-25 16:41:10, 2014-05-02 15:49:55, 2014-09-18 02:28:23, 2014-11-10 15:16:43, 2015-09-27 13:18:32"
--7jw19RH9JKXgFohspgQw,"2014-04-21 20:42:11, 2014-04-28 21:04:46, 2014-09-30 14:41:47, 2014-10-23 18:22:28, 2015-04-27 19:55:00, 2015-09-21 12:52:09, 2015-10-01 12:46:16, 2015-10-22 13:35:04, 2016-01-14 12:27:43, 2016-02-01 15:15:07, 2016-02-11 12:22:47, 2016-03-31 23:15:46, 2016-04-11 13:11:34, 2016-05-25 12:44:11, 2016-06-27 15:46:11, 2016-06-30 15:14:28, 2016-07-28 14:15:59, 2016-09-22 20:05:06, 2016-11-16 19:00:11, 2016-12-27 14:36:14, 2017-01-24 20:18:16, 2017-02-21 16:01:49, 2017-03-21 14:08:44, 2017-05-21 16:07:21, 2017-08-07 14:17:39, 2021-06-21 19:59:50"
--8IbOsAAxjKRoYsBFL-PA,"2015-06-06 01:03:19, 2015-07-29 16:50:58, 2015-08-04 00:47:59, 2015-08-07 02:07:52, 2015-08-07 17:25:40, 2015-10-12 21:08:43, 2015-11-13 03:06:00, 2015-11-14 02:35:36, 2015-11-21 00:22:42, 2015-12-01 02:03:11, 2015-12-23 01:19:16, 2015-12-23 20:14:44, 2016-01-09 21:20:39, 2016-01-17 04:11:32, 2016-05-19 01:41:28, 2016-05-30 19:09:07, 2016-09-16 22:58:53, 2016-09-22 17:32:16, 2016-09-23 23:35:31, 2016-09-23 23:41:23, 2016-10-04 17:55:19, 2016-10-28 18:38:36, 2017-06-04 02:11:09, 2017-06-23 19:36:51, 2017-09-26 22:46:41, 2017-10-15 00:44:45, 2017-11-14 20:51:58, 2017-12-02 19:22:33, 2017-12-04 19:28:58, 2018-02-15 20:48:11, 2018-04-30 18:30:36, 2018-07-12 21:34:36"
--9osgUCSDUWUkoTLdvYhQ,"2015-06-13 02:00:57, 2015-07-04 00:44:09, 2015-07-19 23:38:22, 2015-07-26 03:16:22, 2015-08-03 17:32:59, 2015-08-03 17:33:18, 2015-12-13 02:49:34, 2016-02-14 04:15:58, 2016-02-14 14:45:08, 2016-04-30 01:54:26, 2016-07-03 00:05:12, 2017-10-23 02:17:44, 2018-04-28 00:42:09, 2018-05-07 01:31:36, 2018-05-16 00:42:15, 2018-05-16 01:02:48, 2018-05-16 01:03:37, 2018-05-16 01:36:57, 2018-05-16 01:42:02, 2018-05-16 01:53:10, 2018-05-16 01:55:01, 2018-05-16 03:53:55, 2018-12-25 00:50:41, 2019-01-01 01:49:40"
--ARBQr1WMsTWiwOKOj-FQ,"2014-12-12 00:44:23, 2015-01-09 00:19:52, 2015-02-13 21:51:29, 2015-02-28 22:11:18, 2015-03-06 03:10:50, 2015-03-28 20:42:09, 2015-04-03 23:55:06, 2015-04-23 00:21:59, 2015-05-13 22:41:22, 2015-06-27 22:10:25, 2015-07-08 23:53:24, 2015-07-21 21:51:16, 2015-08-12 03:16:41, 2015-08-13 01:42:13, 2015-09-05 23:51:03, 2015-09-10 22:28:40, 2015-10-07 23:16:37, 2015-11-07 21:22:36, 2016-01-17 00:13:47, 2016-01-22 21:07:36, 2016-03-17 23:46:23, 2016-06-30 01:22:21, 2016-07-21 23:22:49, 2016-11-10 00:51:25, 2016-12-21 23:18:43, 2016-12-21 23:20:40, 2017-06-17 23:58:10, 2017-12-02 23:25:19, 2018-03-08 22:26:30, 2018-04-08 00:04:16, 2018-04-20 22:16:48, 2018-05-27 02:49:33, 2018-06-23 01:18:47, 2018-07-22 01:42:39"
--FWWsIwxRwuw9vIMImcQg,"2010-09-11 16:28:39, 2010-12-22 21:14:19, 2011-08-03 16:26:33, 2011-11-21 15:06:32, 2011-12-29 18:54:30, 2012-01-21 22:25:52, 2012-09-16 22:21:21"
--FcbSxK1AoEtEAxOgBaCw,"2017-08-18 19:43:50, 2017-10-07 22:38:38, 2017-10-22 21:22:59, 2017-12-10 18:36:24, 2017-12-15 20:00:14, 2017-12-24 15:17:56, 2018-01-17 19:41:48, 2018-01-23 12:13:34, 2018-02-01 12:16:38, 2018-02-03 13:18:44, 2018-03-03 14:36:50, 2018-03-05 16:01:22, 2018-03-10 13:32:17, 2018-03-25 18:15:08, 2018-04-29 20:35:11, 2018-06-16 20:59:00, 2018-08-03 14:36:39, 2018-09-15 19:20:08, 2018-10-12 12:16:08, 2018-10-21 19:34:49, 2018-10-25 21:06:56, 2019-01-01 18:40:50, 2019-01-12 15:03:41, 2019-01-18 22:49:14, 2019-01-19 18:55:58, 2019-02-06 14:21:26, 2019-02-06 21:24:06, 2019-02-22 14:16:34, 2019-03-09 15:14:10, 2019-03-17 17:23:58, 2019-03-20 19:22:57, 2019-03-30 14:28:58, 2019-05-12 14:11:54, 2019-05-18 20:14:11, 2019-05-23 16:33:16, 2019-05-23 18:55:03, 2019-06-02 18:50:02, 2019-06-15 21:07:19, 2019-06-16 13:48:33, 2019-07-03 13:13:37, 2019-07-23 00:35:46, 2019-07-30 23:41:58, 2019-08-05 15:06:20, 2019-10-15 21:34:41, 2019-10-26 13:32:46, 2019-10-26 14:17:20, 2019-11-23 18:30:26, 2019-12-08 21:44:54, 2019-12-28 15:55:48, 2020-01-11 15:27:28, 2020-01-26 18:20:55, 2020-02-07 16:04:09, 2020-03-07 20:24:45, 2020-03-22 13:42:48, 2020-05-02 14:00:21, 2020-05-09 16:37:03, 2020-05-21 16:45:17, 2020-07-06 18:57:58, 2020-08-01 13:35:33, 2020-08-03 15:15:15, 2020-08-12 14:27:15, 2020-09-19 16:18:50, 2020-10-17 12:43:26, 2020-10-29 14:48:14, 2020-11-08 17:05:57, 2020-12-13 18:43:03, 2021-02-21 14:23:21, 2021-02-28 14:46:06, 2021-03-14 17:11:22, 2021-04-18 19:39:30, 2021-05-09 13:00:18, 2021-05-25 15:22:08, 2021-07-04 15:25:38, 2021-08-01 18:09:31, 2021-08-29 16:56:41, 2021-09-19 14:26:55, 2021-11-12 18:11:18, 2021-12-06 14:43:02, 2021-12-15 12:25:17, 2021-12-19 15:36:55, 2021-12-31 20:00:13, 2022-01-09 18:33:57"
--LC8cIrALInl2vyo701tg,"2017-01-12 19:10:02, 2017-05-11 23:21:03, 2018-04-28 14:27:32, 2018-09-11 21:24:45, 2018-12-21 15:14:49, 2021-07-09 18:06:16, 2021-12-31 15:22:01"
--MbOh2O1pATkXa7xbU6LA,"2013-04-21 01:52:06, 2013-05-02 04:02:07, 2013-05-04 04:14:31, 2013-05-18 03:39:17, 2013-05-20 03:04:59, 2013-05-22 23:52:49, 2013-05-27 01:38:52, 2013-06-02 04:16:38, 2013-06-07 02:30:10, 2013-07-27 23:08:27, 2013-08-01 03:53:02, 2013-08-22 03:21:29, 2013-09-13 02:29:36, 2013-09-18 02:53:23, 2013-09-23 00:00:06, 2013-10-03 03:22:41, 2013-10-09 04:31:13, 2013-10-12 04:03:40, 2013-10-29 03:45:15, 2013-11-07 01:11:43, 2013-11-08 22:01:11, 2013-11-08 22:01:25, 2013-11-10 02:40:38, 2013-11-10 22:07:07, 2013-11-10 22:07:11, 2013-11-13 00:48:37, 2013-11-14 04:01:15, 2013-11-16 05:07:42, 2013-11-16 05:07:57, 2013-11-18 03:39:25, 2013-11-19 02:10:10, 2013-11-22 01:34:12, 2013-11-23 02:28:53, 2013-11-30 22:51:02, 2013-11-30 22:51:19, 2013-12-03 03:59:23, 2013-12-10 03:19:19, 2013-12-10 03:19:48, 2013-12-12 02:26:02, 2013-12-12 03:31:18, 2014-01-03 03:54:51, 2014-01-08 03:17:42, 2014-01-08 03:17:54, 2014-01-19 03:09:20, 2014-01-19 03:09:28, 2014-01-22 02:46:34, 2014-01-27 01:46:01, 2014-02-05 03:53:33, 2014-02-08 02:18:50, 2014-02-08 21:54:13, 2014-02-08 21:55:11, 2014-02-12 20:59:50, 2014-02-20 01:37:19, 2014-02-26 20:48:45, 2014-03-10 02:14:11, 2014-03-17 21:24:32, 2014-03-29 00:03:39, 2014-05-05 00:20:57, 2014-05-14 23:07:09, 2014-05-22 22:03:29, 2014-05-26 03:25:20, 2014-06-18 20:26:09, 2014-06-22 21:36:07, 2014-06-29 01:02:02, 2014-07-03 03:07:11, 2014-07-05 00:11:12, 2014-07-13 03:03:03, 2014-07-19 04:52:07, 2014-07-22 02:54:57, 2014-07-26 21:26:40, 2014-08-02 02:28:53, 2014-08-02 21:54:00, 2014-08-10 04:24:02, 2014-08-11 02:54:25, 2014-08-20 03:21:49, 2014-09-14 02:52:40, 2014-09-21 23:08:59, 2014-10-02 02:29:55, 2014-10-11 03:47:10, 2014-11-08 04:34:23, 2014-12-08 03:46:50, 2015-01-25 02:43:15, 2015-03-21 03:18:11, 2015-04-08 22:44:06, 2015-05-19 02:26:32, 2015-06-30 03:46:04, 2015-08-28 01:59:45, 2015-09-23 03:53:27, 2015-10-23 22:42:54, 2015-12-19 04:03:31, 2016-01-07 00:52:26, 2016-06-18 19:57:36, 2016-07-06 21:05:09, 2016-07-10 16:47:57, 2016-07-16 22:43:19, 2016-11-11 01:33:12, 2016-11-12 04:35:42, 2017-03-18 21:07:56, 2017-04-19 00:32:31, 2017-04-23 23:33:15, 2017-05-22 02:52:20, 2017-11-12 23:14:20, 2017-12-02 19:57:32"
--N9yp3ZWqQIm7DqKRvorg,"2012-10-06 20:46:47, 2013-05-17 19:43:24, 2013-05-18 15:06:31, 2014-04-18 14:50:02, 2014-12-09 22:31:51, 2015-03-23 21:54:37, 2019-02-25 16:38:01"
--O3ip9NpXTKD4oBS1pY2A,"2010-04-17 21:07:32, 2010-04-17 21:45:38, 2010-08-07 02:00:36, 2010-08-12 17:48:35, 2010-08-16 03:30:10, 2010-08-18 20:56:50, 2010-09-04 16:26:57, 2010-09-06 15:23:07, 2010-09-11 17:13:53, 2010-09-11 20:12:24, 2010-09-12 19:18:42, 2010-09-18 15:09:36, 2010-09-24 15:04:10, 2010-10-07 14:53:07, 2010-10-09 15:21:13, 2010-10-12 19:56:50, 2010-10-16 15:17:09, 2010-10-19 19:48:33, 2010-10-23 15:49:24, 2010-10-23 18:10:41, 2010-10-24 19:35:34, 2010-10-30 16:51:20, 2010-10-30 19:28:31, 2010-10-31 19:02:56, 2010-11-03 18:15:02, 2010-11-04 19:56:05, 2010-11-05 16:52:25, 2010-11-06 16:39:19, 2010-11-09 16:43:39, 2010-11-09 21:02:45, 2010-11-14 22:36:08, 2010-11-15 15:21:24, 2010-11-15 18:50:59, 2010-11-16 15:54:31, 2010-11-16 23:32:57, 2010-11-17 15:52:19, 2010-11-18 15:54:20, 2010-11-20 22:13:19, 2010-11-21 21:09:44, 2010-11-23 20:46:58, 2010-11-28 20:01:54, 2010-12-01 20:32:34, 2010-12-02 20:53:30, 2010-12-26 23:52:42, 2011-01-01 20:53:30, 2011-01-06 21:02:40, 2011-01-15 21:16:59, 2011-02-08 15:17:48, 2011-02-12 18:24:37, 2011-02-13 19:07:23, 2011-02-13 20:06:04, 2011-02-15 16:33:15, 2011-02-15 16:36:07, 2011-02-15 20:03:51, 2011-02-16 03:59:06, 2011-02-17 19:59:31, 2011-02-18 22:27:41, 2011-02-20 20:28:09, 2011-02-24 03:43:05, 2011-03-04 20:56:49, 2011-03-05 19:51:20, 2011-03-27 20:32:16, 2011-03-29 01:25:15, 2011-03-29 02:34:50, 2011-04-02 21:15:20, 2011-04-08 21:49:44, 2011-04-16 18:27:03, 2011-04-16 22:44:50, 2011-04-17 18:16:01, 2011-04-17 21:52:20, 2011-04-23 22:00:39, 2011-05-02 02:31:59, 2011-05-03 19:03:36, 2011-05-23 02:16:44, 2011-05-29 16:56:16, 2011-05-30 19:01:41, 2011-05-30 19:18:48, 2011-06-05 19:27:48, 2011-06-07 03:01:51, 2011-06-18 18:22:58, 2011-06-25 00:40:05, 2011-06-26 00:21:58, 2011-06-26 03:31:40, 2011-06-26 06:38:03, 2011-06-29 02:08:00, 2011-06-30 05:03:32, 2011-07-04 18:56:57, 2011-07-04 19:33:08, 2011-07-06 03:59:36, 2011-07-09 19:09:49, 2011-07-10 01:04:27, 2011-07-11 01:11:06, 2011-07-16 17:20:26, 2011-08-06 16:44:10, 2011-08-06 17:27:39, 2011-08-22 01:47:44, 2011-08-28 16:34:59, 2011-08-28 19:00:32, 2011-08-28 19:01:31, 2011-09-04 17:53:03, 2011-09-04 23:44:59, 2011-09-17 04:43:19, 2011-09-24 19:37:55, 2011-09-26 20:32:41, 2011-10-13 22:27:53, 2011-10-13 22:37:27, 2011-10-19 19:20:26, 2011-11-08 22:28:05, 2011-11-26 18:27:47, 2011-11-27 20:24:05, 2011-11-30 23:53:00, 2011-12-04 16:47:53, 2011-12-08 17:56:19, 2011-12-12 22:29:36, 2011-12-12 22:30:39, 2011-12-17 19:43:22, 2011-12-18 18:35:10, 2011-12-23 22:34:26, 2011-12-27 21:04:35, 2011-12-31 00:12:59, 2012-01-12 18:32:21, 2012-01-16 23:32:15, 2012-01-26 00:49:28, 2012-02-18 17:58:13, 2012-02-19 01:31:18, 2012-02-26 18:04:12, 2012-03-10 18:28:14, 2012-03-31 15:57:47, 2012-04-21 00:27:13, 2012-04-21 01:51:01, 2012-04-21 19:10:40, 2012-04-22 18:38:59, 2012-05-13 01:32:49, 2012-05-27 22:13:36, 2012-06-23 03:04:53, 2012-06-23 16:20:40, 2012-06-23 19:11:19, 2012-06-23 21:34:38, 2012-06-24 03:43:10, 2012-06-24 16:20:16, 2012-07-14 20:15:47, 2012-07-15 23:56:57, 2012-07-23 13:37:52, 2012-07-25 01:52:05, 2012-08-02 16:53:56, 2012-08-25 19:23:43, 2012-08-25 21:35:35, 2012-09-29 17:10:01, 2012-09-30 21:16:07, 2012-09-30 21:43:55, 2012-10-12 16:26:13, 2012-10-13 16:53:02, 2012-10-28 22:00:52, 2012-11-19 18:14:37, 2012-11-20 23:26:16, 2012-11-23 17:51:56, 2012-11-27 18:29:41, 2012-11-27 18:30:06, 2012-12-08 18:02:48, 2012-12-24 18:34:02, 2012-12-30 22:29:40, 2013-01-01 23:54:40, 2013-01-05 19:24:44, 2013-01-12 19:31:53, 2013-02-07 22:51:51, 2013-02-10 01:05:53, 2013-02-16 21:16:25, 2013-02-25 01:27:54, 2013-02-28 19:44:23, 2013-03-02 22:25:44, 2013-03-11 21:02:12, 2013-03-12 18:27:39, 2013-04-05 15:20:42, 2013-04-06 21:01:25, 2013-04-14 20:19:05, 2013-04-19 04:01:57, 2013-04-20 20:12:51, 2013-04-20 21:13:17, 2013-04-20 22:21:38, 2013-04-21 00:39:46, 2013-04-21 19:07:12, 2013-04-21 20:16:54, 2013-04-30 21:27:49, 2013-05-02 05:09:21, 2013-05-05 18:51:32, 2013-05-19 02:35:18, 2013-06-02 23:17:18, 2013-06-04 00:01:28, 2013-06-04 16:45:00, 2013-06-22 00:37:40, 2013-06-22 20:43:37, 2013-06-23 01:13:28, 2013-06-23 22:51:26, 2013-07-09 02:08:15, 2013-07-10 19:20:37, 2013-07-31 21:12:21, 2013-08-03 18:12:56, 2013-09-05 18:15:35, 2013-09-07 15:55:51, 2013-09-08 23:22:56, 2013-10-21 19:57:44, 2013-11-04 22:06:32, 2013-11-10 17:10:41, 2013-11-10 20:52:32, 2013-11-10 21:09:17, 2013-11-25 22:25:26, 2013-12-28 21:19:09, 2013-12-28 23:35:17, 2013-12-30 18:45:33, 2013-12-31 22:36:29, 2014-01-02 18:51:33, 2014-01-04 20:22:34, 2014-01-23 21:08:56, 2014-01-25 22:54:38, 2014-02-04 17:47:22, 2014-02-17 00:20:04, 2014-02-17 21:02:09, 2014-02-20 18:07:35, 2014-02-22 19:50:52, 2014-03-10 00:13:44, 2014-03-22 23:19:02, 2014-03-30 20:49:11, 2014-04-20 20:30:22, 2014-04-26 20:02:21, 2014-04-26 23:22:26, 2014-04-27 20:06:00, 2014-04-27 22:05:53, 2014-04-28 00:33:53, 2014-05-01 11:19:13, 2014-05-24 17:45:02, 2014-05-28 23:29:06, 2014-05-29 00:45:34, 2014-06-09 17:35:24, 2014-06-21 21:33:29, 2014-06-21 21:49:23, 2014-06-21 22:42:39, 2014-06-21 23:03:42, 2014-06-29 22:29:40, 2014-07-04 01:45:06, 2014-07-09 22:05:37, 2014-07-12 19:36:42, 2014-07-13 23:51:24, 2014-07-14 04:11:23, 2014-07-22 00:34:08, 2014-07-27 00:18:19, 2014-08-09 17:46:44, 2014-08-10 21:05:32, 2014-09-20 15:15:54, 2014-10-18 21:00:02, 2014-10-25 21:40:30, 2014-10-26 23:48:22, 2014-11-04 21:26:23, 2014-11-09 00:28:55, 2014-11-09 21:33:57, 2014-11-20 23:32:50, 2014-11-24 23:22:22, 2014-11-25 20:14:19, 2014-12-06 18:05:20, 2014-12-30 23:55:21, 2015-01-03 20:17:28, 2015-01-03 20:43:32, 2015-02-04 00:35:00, 2015-02-04 01:06:02, 2015-02-05 00:10:33, 2015-02-05 00:12:23, 2015-02-09 22:23:39, 2015-02-16 20:15:03, 2015-02-19 23:04:41, 2015-02-24 22:52:19, 2015-02-28 19:17:56, 2015-03-05 23:59:48, 2015-03-09 00:46:19, 2015-03-13 21:03:49, 2015-03-18 23:29:27, 2015-03-27 02:09:13, 2015-03-30 22:04:57, 2015-03-31 05:22:37, 2015-04-01 20:26:45, 2015-04-09 19:13:41, 2015-04-15 22:52:13, 2015-04-18 21:26:22, 2015-04-19 00:40:46, 2015-04-19 01:56:22, 2015-04-19 21:43:33, 2015-04-23 20:48:12, 2015-04-30 01:45:03, 2015-05-10 20:39:47, 2015-06-13 10:23:03, 2015-06-14 19:19:37, 2015-06-16 21:32:36, 2015-06-20 20:38:58, 2015-06-20 22:50:42, 2015-06-21 00:05:35, 2015-06-25 23:41:57, 2015-07-01 23:56:11, 2015-07-22 18:55:18, 2015-07-23 18:10:55, 2015-08-08 18:10:35, 2015-08-08 20:36:56, 2015-08-09 02:34:10, 2015-08-12 20:37:02, 2015-08-29 17:37:18, 2015-09-03 13:52:49, 2015-09-07 19:31:57, 2015-09-22 13:54:54, 2015-09-25 17:47:44, 2015-09-29 15:17:45, 2015-10-01 13:48:07, 2015-10-02 13:47:58, 2015-10-09 13:47:58, 2015-10-12 17:00:04, 2015-10-13 14:00:38, 2015-10-17 02:04:53, 2015-11-16 20:01:32, 2015-12-09 23:47:15, 2015-12-28 23:53:35, 2016-01-01 00:24:28, 2016-01-06 19:55:07, 2016-01-06 20:04:23, 2016-02-12 22:49:18, 2016-03-13 17:20:12, 2016-03-20 22:43:55, 2016-03-31 00:45:54, 2016-04-10 20:50:21, 2016-04-16 19:01:30, 2016-04-16 19:34:40, 2016-05-08 18:18:43, 2016-05-21 21:06:21, 2016-05-22 20:03:08, 2016-05-28 18:14:09, 2016-05-30 01:26:52, 2016-05-30 20:13:54, 2016-05-31 23:09:51, 2016-06-02 21:46:17, 2016-06-05 20:24:09, 2016-06-08 00:03:39, 2016-06-10 02:49:16, 2016-06-22 23:49:47, 2016-06-24 20:42:15, 2016-06-27 01:54:46, 2016-06-29 22:41:12, 2016-07-03 21:36:10, 2016-07-04 01:55:43, 2016-07-16 21:44:29, 2016-07-29 02:23:01, 2016-08-01 00:57:36, 2016-08-07 21:02:54, 2016-08-20 22:01:15, 2016-08-27 20:46:20, 2016-08-30 23:05:39, 2016-09-10 23:43:31, 2016-10-05 18:43:28, 2016-10-07 15:13:21, 2016-10-09 00:18:36, 2016-10-14 15:36:29, 2016-10-19 03:29:23, 2016-12-08 23:54:47, 2016-12-18 17:20:37, 2016-12-29 21:53:29, 2017-02-05 18:04:53, 2017-03-31 23:49:42, 2017-04-11 18:06:57, 2017-04-19 18:24:00, 2017-04-22 19:45:40, 2017-04-22 20:45:26, 2017-04-23 01:10:27, 2017-04-23 19:57:42, 2017-04-23 20:16:46, 2017-04-23 20:29:13, 2017-04-23 21:50:02, 2017-04-27 22:31:40, 2017-04-29 19:36:40, 2017-04-30 19:51:33, 2017-05-06 01:23:59, 2017-05-06 19:18:29, 2017-05-08 01:44:25, 2017-05-10 01:35:41, 2017-05-11 01:36:39, 2017-05-19 01:59:05, 2017-05-25 01:08:09, 2017-05-26 01:40:43, 2017-06-16 17:37:48, 2017-06-21 20:07:53, 2017-06-23 23:44:07, 2017-06-24 20:51:13, 2017-06-25 00:02:55, 2017-06-25 20:39:45, 2017-07-07 19:02:01, 2017-07-20 20:08:25, 2017-08-21 18:46:08, 2017-08-22 22:53:47, 2017-09-30 19:06:41, 2017-10-08 04:28:05, 2017-10-09 00:24:51, 2017-10-13 20:50:52, 2017-11-26 00:14:52, 2018-02-21 21:55:45, 2018-03-18 23:18:10, 2018-03-24 20:18:01, 2018-04-05 19:27:37, 2018-04-05 21:25:58, 2018-04-21 21:12:47, 2018-04-26 19:35:36, 2018-04-28 16:18:34, 2018-05-06 00:29:12, 2018-05-25 18:22:15, 2018-05-28 00:33:37, 2018-06-15 22:24:48, 2018-06-25 23:22:15, 2018-07-06 02:18:26, 2018-07-15 18:02:52, 2018-07-20 00:21:58, 2018-07-21 19:08:29, 2018-10-11 17:29:13, 2018-11-04 22:25:03, 2018-11-18 19:57:32, 2018-11-25 22:35:56, 2018-12-15 19:33:12, 2018-12-27 17:45:52, 2019-01-04 23:30:03, 2019-01-05 18:04:49, 2019-03-02 17:30:34, 2019-03-16 22:30:38, 2019-03-17 01:37:26, 2019-03-26 17:14:53, 2019-04-27 01:25:47, 2019-04-27 19:27:41, 2019-04-28 18:07:26, 2019-05-05 20:31:43, 2019-06-22 21:19:12, 2019-07-31 23:56:57, 2019-08-10 22:05:26, 2019-10-20 20:45:26, 2019-11-11 20:05:27, 2020-01-05 00:07:39, 2020-01-07 00:48:22, 2020-02-14 23:10:41, 2020-02-16 19:09:50, 2020-07-31 21:17:01, 2020-08-12 21:23:59, 2020-09-09 00:57:57, 2020-10-16 18:47:00, 2020-10-31 22:58:39, 2020-11-22 19:58:30, 2021-04-09 02:30:15, 2021-04-11 22:59:37, 2021-04-27 19:18:44, 2021-06-11 16:52:13, 2021-06-20 00:51:26, 2021-06-22 00:04:13, 2021-07-09 19:32:16, 2021-09-05 00:07:12, 2021-11-22 17:29:34, 2021-12-12 18:37:03, 2022-01-07 20:28:25, 2022-01-17 01:07:10"
--OS_I7dnABrXvRCCuWOGQ,2018-05-11 18:23:36
--S43ruInmIsGrnnkmavRw,"2010-08-29 01:17:44, 2010-08-29 23:11:08, 2010-10-11 19:31:11, 2010-10-29 19:47:57, 2011-01-31 14:48:22, 2011-02-12 21:36:15, 2011-04-07 14:31:53, 2011-07-01 00:34:42, 2011-07-16 16:34:14, 2011-07-20 14:34:16, 2011-09-03 18:40:57, 2011-09-12 21:45:19, 2011-09-16 15:44:51, 2011-10-28 20:51:01, 2011-10-30 17:47:03, 2011-10-30 19:27:29, 2011-10-31 16:21:07, 2011-11-19 00:21:33, 2011-11-25 15:41:20, 2011-12-02 22:21:36, 2011-12-09 22:31:21, 2012-01-01 21:11:23, 2012-01-07 20:33:55, 2012-01-09 01:30:54, 2012-01-13 18:59:24, 2012-02-22 17:41:13, 2012-02-26 21:55:11, 2012-02-28 00:36:37, 2012-03-31 20:45:00, 2012-03-31 20:45:48, 2012-04-07 22:58:57, 2012-04-10 00:01:19, 2012-05-07 22:23:59, 2012-05-10 15:24:50, 2012-05-23 20:49:47, 2012-05-30 01:02:37, 2012-06-08 21:45:21, 2012-06-11 20:20:45, 2012-06-21 14:13:28, 2012-07-05 19:49:44, 2012-07-10 14:14:51, 2012-07-11 16:15:33, 2012-07-19 13:13:28, 2012-07-27 00:02:53, 2012-08-02 21:35:24, 2012-08-18 16:04:24, 2012-10-08 00:42:28, 2012-10-08 19:33:34, 2012-11-01 19:27:07, 2012-11-12 21:51:59, 2012-12-07 17:19:19, 2012-12-08 02:41:56, 2012-12-14 16:32:49, 2012-12-21 22:56:32, 2012-12-30 21:49:50, 2013-01-07 22:21:19, 2013-01-19 22:45:48, 2013-02-14 17:38:03, 2013-02-22 19:20:15, 2013-03-14 18:29:15, 2013-03-24 20:23:21, 2013-03-29 16:50:15, 2013-04-15 19:01:04, 2013-04-17 16:21:14, 2013-04-30 20:33:22, 2013-05-03 17:30:03, 2013-05-03 17:50:30, 2013-05-08 20:39:37, 2013-05-09 20:32:35, 2013-05-11 18:58:47, 2013-05-11 22:25:53, 2013-05-11 22:28:09, 2013-05-11 22:39:32, 2013-05-22 18:59:51, 2013-06-01 00:52:19, 2013-06-13 16:06:42, 2013-06-13 16:31:05, 2013-06-18 19:10:03, 2013-07-01 23:11:01, 2013-07-13 16:56:06, 2013-07-13 17:09:12, 2013-07-18 21:15:01, 2013-07-25 16:38:47, 2013-08-08 22:50:17, 2013-08-12 20:44:28, 2013-09-20 17:14:16, 2013-09-30 17:32:33, 2013-10-12 21:14:44, 2013-10-12 21:18:10, 2013-10-18 17:04:55, 2013-10-30 16:48:56, 2013-11-11 23:28:46, 2013-12-13 23:25:53, 2014-01-02 00:45:10, 2014-01-03 21:24:20, 2014-01-15 01:36:40, 2014-02-18 17:56:16, 2014-02-20 23:21:32, 2014-03-02 17:11:12, 2014-03-08 17:13:08, 2014-03-09 22:27:15, 2014-03-15 17:53:07, 2014-04-06 19:07:44, 2014-04-24 23:02:36, 2014-05-05 22:36:17, 2014-05-09 17:52:21, 2014-05-17 22:09:26, 2014-05-18 20:57:51, 2014-05-22 15:39:27, 2014-05-25 15:28:12, 2014-05-25 23:41:25, 2014-05-27 00:08:08, 2014-05-27 21:27:46, 2014-05-29 17:50:19, 2014-07-01 03:17:19, 2014-07-06 19:10:07, 2014-07-07 18:00:40, 2014-07-17 00:31:26, 2014-07-19 15:55:43, 2014-08-01 14:07:03, 2014-08-01 14:31:53, 2014-08-01 19:53:20, 2014-08-02 12:49:47, 2014-08-03 16:40:07, 2014-08-04 16:05:01, 2014-08-05 18:23:20, 2014-08-17 03:58:14, 2014-08-29 19:16:00, 2014-09-06 17:39:26, 2014-09-12 01:17:35, 2014-09-12 17:46:00, 2014-09-17 18:50:54, 2014-09-24 16:11:25, 2014-09-30 16:18:48, 2014-10-06 23:22:12, 2014-10-08 19:39:42, 2014-10-20 19:10:32, 2014-10-24 19:48:02, 2014-11-07 20:11:02, 2014-11-07 20:16:42, 2014-11-09 17:15:38, 2014-11-12 01:26:31, 2014-11-13 20:27:01, 2014-11-16 17:42:23, 2014-11-17 02:14:05, 2014-11-29 18:39:35, 2014-11-29 19:34:06, 2014-12-18 20:02:19, 2014-12-30 22:54:48, 2015-01-19 23:35:09, 2015-01-26 01:04:23, 2015-02-02 21:01:44, 2015-02-07 23:29:21, 2015-02-07 23:37:54, 2015-02-15 21:59:32, 2015-02-18 01:34:57, 2015-03-13 17:37:58, 2015-03-26 22:32:43, 2015-04-04 20:34:14, 2015-04-13 14:56:09, 2015-04-25 01:40:05, 2015-04-25 01:40:56, 2015-04-25 16:52:13, 2015-05-02 01:40:21, 2015-05-04 21:14:35, 2015-05-14 21:34:21, 2015-05-16 21:48:25, 2015-06-21 01:09:18, 2015-07-01 01:23:40, 2015-07-19 00:25:22, 2015-08-31 16:49:00, 2015-10-03 18:39:55, 2015-10-04 18:29:37, 2015-10-11 15:39:47, 2015-10-16 17:34:08, 2015-10-24 18:01:45, 2015-10-24 20:50:05, 2015-10-28 20:00:42, 2015-10-30 19:50:30, 2015-11-03 01:50:33, 2015-11-14 23:16:21, 2015-12-05 20:49:52, 2015-12-05 20:49:54, 2015-12-19 20:35:31, 2015-12-21 23:16:36, 2015-12-28 22:42:23, 2016-01-01 22:26:19, 2016-01-03 17:26:46, 2016-01-03 17:52:49, 2016-01-03 17:53:05, 2016-01-19 21:11:44, 2016-02-15 17:47:56, 2016-03-05 19:22:20, 2016-03-08 19:36:43, 2016-04-16 22:16:50, 2016-04-16 23:12:10, 2016-04-19 16:27:50, 2016-04-24 21:45:48, 2016-05-03 23:05:14, 2016-07-23 21:30:43, 2016-07-30 01:48:03, 2016-08-05 15:48:40, 2016-08-20 19:45:39, 2016-09-02 19:36:31, 2016-09-07 22:14:45, 2016-09-09 20:36:40, 2016-09-23 21:26:28, 2016-09-24 17:03:42, 2016-10-10 23:37:14, 2016-10-19 17:00:11, 2016-10-29 15:39:48, 2016-12-07 17:51:57, 2016-12-14 16:18:12, 2016-12-17 21:07:08, 2016-12-31 17:49:40, 2016-12-31 17:57:59, 2017-01-16 20:12:10, 2017-02-05 23:34:39, 2017-03-02 23:23:03, 2017-03-05 20:28:52, 2017-03-13 23:14:39, 2017-04-14 19:39:00, 2017-04-17 19:31:15, 2017-04-22 00:27:22, 2017-04-23 21:44:51, 2017-04-24 21:44:59, 2017-04-28 21:54:00, 2017-05-06 21:29:23, 2017-05-13 21:20:06, 2017-05-30 20:51:57, 2017-05-31 18:23:49, 2017-07-14 19:15:30, 2017-08-16 22:29:37, 2017-08-19 18:42:50, 2017-08-19 19:27:11, 2017-09-05 19:21:04, 2017-09-09 22:57:17, 2017-09-11 22:23:53, 2017-09-27 19:46:26, 2017-10-04 22:46:17, 2017-11-10 17:49:20, 2017-11-24 18:11:16, 2017-12-01 20:49:04, 2017-12-03 23:07:33, 2017-12-09 20:57:23, 2017-12-10 18:19:39, 2017-12-15 23:36:11, 2017-12-27 18:33:30, 2017-12-31 01:12:57, 2018-04-15 22:40:49, 2018-04-16 23:12:51, 2018-04-20 18:40:48, 2018-04-21 18:31:15, 2018-06-16 23:06:36, 2018-06-22 17:56:17, 2018-07-27 23:41:17, 2018-07-28 23:40:45, 2018-07-29 00:42:08, 2018-08-29 21:36:25, 2018-09-28 22:05:20, 2018-10-06 23:16:40, 2018-10-07 01:17:08, 2018-10-09 14:57:50, 2018-10-27 16:51:30, 2018-11-03 21:21:52, 2018-11-23 19:58:45, 2018-11-23 22:05:51, 2018-11-23 22:43:35, 2018-11-25 21:35:19, 2018-12-07 19:20:57, 2018-12-07 21:10:24, 2018-12-09 22:18:50, 2019-01-05 19:26:16, 2019-02-12 01:01:55, 2019-02-27 00:58:05, 2019-03-04 19:39:17, 2019-04-06 17:36:21, 2019-04-13 18:59:43, 2019-05-01 18:12:29, 2019-05-04 18:33:36, 2019-05-19 19:20:26, 2019-05-23 19:50:46, 2019-05-25 19:25:07, 2019-06-02 18:41:56, 2019-06-13 20:23:40, 2019-06-28 15:36:00, 2019-08-17 21:07:38, 2019-08-17 21:14:25, 2019-08-27 21:20:55, 2019-09-09 00:19:14, 2019-09-18 17:05:24, 2019-09-23 19:41:34, 2019-10-13 21:50:37, 2019-10-13 22:47:49, 2019-10-20 18:53:35, 2019-10-27 19:56:07, 2019-11-29 19:34:26, 2019-12-13 19:02:04, 2019-12-24 20:26:06, 2020-01-05 20:48:04, 2020-02-03 21:43:14, 2020-02-08 16:48:09, 2020-11-17 18:36:18, 2020-11-23 21:40:44, 2020-12-19 22:33:32, 2021-01-03 17:30:52, 2021-07-01 18:33:26, 2021-07-05 15:28:06, 2021-07-05 15:35:23"
--SJXpAa0E-GCp2smaHf0A,"2014-04-06 22:23:56, 2014-07-19 16:40:24, 2014-07-19 16:57:50, 2014-09-09 22:42:54, 2014-09-11 01:28:28, 2014-09-27 16:19:27, 2014-09-27 16:19:52, 2014-10-22 20:24:02, 2014-11-19 15:17:27, 2015-01-03 15:55:04, 2015-01-03 21:12:21, 2015-01-17 22:27:53, 2015-02-24 16:49:27, 2015-02-24 16:49:38, 2015-04-01 17:15:37, 2015-05-06 13:15:00, 2015-05-09 21:07:01, 2015-06-07 21:10:00, 2015-06-30 15:42:54, 2015-07-06 17:28:47, 2015-07-23 20:04:56, 2015-08-02 19:09:01, 2015-11-28 20:59:21, 2016-07-04 19:57:57, 2016-07-13 22:04:18, 2016-07-17 20:50:36, 2016-08-10 15:21:39, 2016-08-11 17:35:37, 2016-12-30 16:27:41, 2017-02-03 16:20:46, 2017-02-15 18:55:55, 2017-05-10 15:39:32, 2017-06-05 21:51:20, 2017-07-03 20:33:26, 2017-07-19 23:36:00, 2017-08-14 21:13:44, 2017-10-03 18:34:20, 2018-04-12 16:32:28, 2019-03-22 22:44:23, 2019-04-17 20:45:55, 2019-07-07 21:13:29, 2019-08-10 17:22:09, 2019-09-15 18:10:37, 2019-09-22 18:07:52, 2019-10-09 23:13:35"
--Sd93OFWITqDHifMoAy9g,"2013-01-09 17:42:28, 2013-01-10 16:07:37, 2013-02-11 17:14:19, 2013-02-18 17:18:47, 2018-12-27 21:29:35, 2019-01-03 00:19:54, 2019-01-04 14:59:52, 2019-01-08 00:23:53, 2019-01-10 00:24:37, 2019-01-17 15:28:12, 2019-01-23 00:23:55, 2019-01-24 23:05:04, 2019-02-08 23:05:26, 2019-02-12 01:09:20, 2019-02-15 22:57:15, 2019-02-19 00:14:54, 2019-02-22 20:52:10, 2019-02-25 21:24:33, 2019-02-28 22:49:20, 2019-04-19 00:14:11, 2019-04-23 23:49:51, 2019-05-01 00:25:22, 2019-05-07 00:04:25, 2019-05-08 23:15:25, 2019-05-15 19:06:44, 2019-05-30 23:50:18, 2019-06-07 00:14:44, 2019-06-12 00:28:56, 2019-06-19 01:56:00, 2019-07-03 23:43:13, 2019-07-16 00:07:10, 2019-07-19 00:20:18, 2019-07-24 23:57:50, 2019-08-02 01:40:47, 2019-08-09 00:16:21, 2019-08-15 00:16:38, 2019-08-19 23:31:46, 2019-08-22 02:10:52, 2019-08-31 00:26:39, 2019-09-09 23:18:17, 2019-09-13 23:23:34, 2019-09-16 23:44:44, 2019-09-23 21:43:43, 2019-09-26 22:54:07, 2019-10-15 01:21:50, 2019-10-29 00:08:32, 2019-11-22 00:22:33, 2019-12-17 02:01:15"
--ZVrH2X2QXBFdCilbirsw,"2010-08-12 18:21:29, 2010-08-20 17:49:17, 2012-08-15 21:33:22, 2012-09-29 16:54:21, 2012-11-10 21:07:00, 2012-11-11 12:58:41, 2012-11-13 08:26:04, 2012-11-14 12:07:39, 2012-11-16 01:23:55, 2012-11-17 09:49:12, 2012-11-18 21:22:15, 2012-11-20 00:39:47, 2012-11-20 18:37:52, 2012-11-21 00:36:21, 2012-11-22 12:49:34, 2012-11-23 12:41:45, 2012-11-24 11:43:26, 2012-11-25 13:55:58, 2012-11-27 11:14:23, 2012-11-28 11:22:01, 2012-11-28 16:11:27, 2012-11-29 10:08:14, 2012-12-01 01:24:53, 2012-12-01 13:33:32, 2012-12-02 10:40:56, 2012-12-04 11:19:34, 2012-12-08 11:15:18, 2012-12-10 00:37:28, 2012-12-10 19:27:22, 2012-12-12 16:22:54, 2012-12-13 02:24:23, 2012-12-15 01:16:54, 2012-12-16 14:53:50, 2012-12-17 12:22:17, 2012-12-21 01:30:43, 2012-12-21 22:02:49, 2012-12-23 13:07:30, 2012-12-24 17:17:19, 2013-01-14 19:15:45, 2013-02-12 17:40:35, 2013-04-02 00:04:39, 2013-04-08 17:57:42, 2013-04-28 16:37:42, 2013-05-01 18:11:18, 2013-07-08 19:07:36, 2013-08-27 22:11:49, 2013-10-01 23:07:42, 2013-12-17 21:23:03, 2014-01-23 15:09:27, 2014-12-22 22:53:10, 2015-04-08 20:12:46, 2015-05-13 17:12:19, 2015-07-13 16:28:33, 2015-10-20 16:32:32, 2015-11-07 20:28:31, 2015-12-08 18:12:50, 2016-01-20 20:09:40, 2016-02-20 18:13:17, 2016-06-06 16:22:10, 2016-09-09 16:21:04, 2016-10-19 14:44:11, 2016-11-27 20:34:40, 2017-03-04 19:15:41, 2017-04-26 19:22:42, 2017-06-09 16:12:25, 2017-06-11 20:18:16, 2017-07-15 16:22:04"
